0	supabase/migrations/temp/20251107_complete_migration.sql	23de25dcbe84612ca032b680608d671ffdfa0a72eac44b823e8d001b59919f33	reconstruction-sources/00.sql
1	supabase/migrations/temp/20251210_redesign_submissions_v2.sql	3e5bf820c508f24f02b3a81843707758642a53c1d90084f201bb60f7836bb674	reconstruction-sources/01.sql
2	apps/web/supabase/migrations/20251219_db_performance_optimization.sql	d7bbc68e095fab250bbb4796a7a4b0e8bb0d3ab9b9310c668cce27e00a2db17a	reconstruction-sources/02.sql
3	apps/web/supabase/migrations/20260118_create_ocr_logs.sql	e982bc7d52d28f77166f976b225988f998d87c9af734cd99917c84b7fb9e2a82	reconstruction-sources/03.sql
4	backend/supabase/migrations/20260124_create_document_embeddings_bge.sql	3f0f090a8e2d9de41221720cfe63afbb173e2264d2614263b34a53075a1806f9	reconstruction-sources/04.sql
5	backend/supabase/migrations/20260124_create_restaurants.sql	73b1453e2dbe70ff72f375e408b89e023c81a79d6931ccc48688d180013eb557	reconstruction-sources/05.sql
6	backend/supabase/migrations/20260124_fix_approved_name_sync.sql	9e85765dcb74cbce098a384ed08ef34a59b7b52ad753b283cc930b6f7e78c100	reconstruction-sources/06.sql
7	backend/supabase/migrations/20260124_update_embeddings_constraint.sql	a9487144c0c2a1a887fd0523a6a47a36a7810ba7e9bb677c209082c040a0caef	reconstruction-sources/07.sql
8	backend/supabase/migrations/20260131_fix_search_rpc.sql	cf3a8f0c282596f4fe3c6d4a9d670544c62ada8510e8df765a18d73062befa43	reconstruction-sources/08.sql
9	backend/supabase/migrations/20260213_create_announcements_table_and_seed.sql	bd102f106bda1d9aaaabe14edbd753ebd456031181b14dbbee10eb3815c4d785	reconstruction-sources/09.sql
