00edfd4aefba445959c977fd1a510bd7900dcf9679bbc24615d43ad9768dd0da	77	0017-drop-owner-foreign-key.sql
05b32aad858e4644202e6ac43413cfee30e61d7e9ad51c42b082cfb21235c7bd	57	0004-add-migrations-rls.sql
072a26a4ade17a6830064ae1238c927e6c0c30f68a3fcabc4289f63ba07aa8a3	5334	0026-objects-prefixes.sql
07d0b1e8299b70eeeda0841969772aecdbd0788eda9dbada7806afdc8ed9d06e	180	0013-add-bucket-custom-limits.sql
08babc35ccdd594f86c798841f7223afa7d3ed59367c62e172bed4bd2247e193	5358	0034-optimize-search-function-v1.sql
0ce6dc9508f5e78b22bb4346c2c1f98678fe498806ef18e2afea7f7db926edc9	216	0033-backward-compatible-index-on-prefixes.sql
0d13ec23e5e11b9a5d916129e6d40cf1b043a742f49147fd507f5b7b8e2945cf	559	0047-iceberg-table-metadata.sql
0d667960b9ad10793b70bfa4006aeba67124d8a8fc5ba8d4d0c182630846354c	4029	0048-iceberg-catalog-ids.sql
11d4ad595e3fc367770674d2eb8df3410df6275d2f79407c11d729f71d0b5a40	3418	0030-update-object-levels.sql
17cb1614d8028d3a17b234ca50e0677f2c0d094706f9e16e9a3d25ba74b4ac2c	659	0046-buckets-objects-grants.sql
1d881092aea62e83493f1a9c4cb4f101f3035a08d62be84a7e7970ee0c6f0f48	84	0008-add-public-to-buckets.sql
228d7ec4e3d2fa51e49e951a2c1e991d8f5f633233c81617aaf9dabf55f12756	366	0006-change-column-name-in-get-size.sql
27bbacdbafda96f0d37db21e7356070ed70b830bc8a92049bcc9da597af32335	310	0035-add-insert-trigger-prefixes.sql
2aeeaec20dcf44a07daf094578bcea1df30c2d6dc1376b0e4517643616c220ae	1299	0042-rollback-prefix-triggers.sql
2d7087b9a391d195c5705d27fad68886a61e24e302c620b939bb73b11b696c12	6425	0002-storage-schema.sql
3715d308b688336171d476171d046610c5ff0d80cd1be296cc6919ae0ba8f257	189	0031-objects-level-index.sql
4b11b925c07cfa0d4e3235deb9892b7b6ef3aa248a03db4ea7a47e69edb943d5	3494	0038-iceberg-catalog-flag-on-buckets.sql
55ba2318864bfc0cc1f4db871d0874c70d445fa8f2b12e4543960403bd88ee9a	92	0012-add-automatic-avif-detection-flag.sql
572c4c802fce193ed5d63eba166922b5469d863d1eae460dd06cdcb1594bab9a	415	0015-add-can-insert-object-function.sql
5bb632fa3e91943277d825e7a60f0bf50f7483810f9147a3f345e51a7c905ace	4135	0036-optimise-existing-functions.sql
635b93245fbc220d0b9a60888829a1218a97c54a31c07ba08e2c232e20b92a67	8808	0040-fix-prefix-race-conditions-optimized.sql
6491c61da34e9d37b06b9a48849cec131720b363ba10aed47d4c6e7caa25a136	178	0049-buckets-objects-grants-postgres.sql
698fe461ed74e3aad76cbde00cfaad164d8e42ee3a09b3ae78206383131e4be7	163	0024-operation-function.sql
6ea7e03eccd4cf572bbfe91ef23a32fdef2ba230a443864d3c4e2e476c717a68	2519	0041-add-object-level-update-trigger.sql
700352759f3d889c23046b7bba351138d6e10bd8791768c504f68c7ffd98d8f4	161	0022-s3-multipart-uploads-big-ints.sql
76fd2bf4d248c2fb0de10d37e0053416cb0ff4527eceed7e517768895a8eb78e	170	0025-custom-metadata.sql
7bed7e29a62ae2b9a0ffd78a51fabefa6c88828bbf3528065eebc7339c477807	176	0028-object-bucket-name-sorting.sql
822ae07d4783158bc1912bb623e5107cc9002d519e1143a9c200ed6ee18b6d0f	8	0001-initialmigration.sql
87302c6579e5d6fca31e665ba1496471e2b9b61bc76dd95979ec57d1fa1bf58f	541	0037-add-bucket-name-length-trigger.sql
922302d623209192a5a85c6bdd0bf21b64cc3bded6e1d048c66d98c7dfdd83eb	355	0011-add-trigger-to-auto-update-updated_at-column.sql
97345b8589da8fc5af940ffc6675b8616d21431f7e8bc5a9287d861e8b51e526	74	0019-alter-default-value-objects-id.sql
9cd771959b9e99a681b59e705ecaffe889168ec497a9ed169d398f8ce7b33a6d	3591	0029-create-prefixes.sql
9e34ab4fc380e1cdd4748bcac368cd628c247962bdd58f8311a44f1b29e918ec	567	0014-use-bytes-for-max-size.sql
a0b89b73ff3f23fdaf5f641a997119faa1f0f8eb043ced8dabd11d483b577342	1613	0027-search-v2.sql
a4c7a068bb3212a015879859f3c7b8e1ed92998a671fbf3a9bdfd827cf5e0e67	80	0016-add-version.sql
a6d094603db7e2c7403b7af40356cbf8559842566d9fbdd78befa7c152633d3f	354	0044-vector-bucket-type.sql
aaab6b1331cd5a0a9172982dfc7c4951a4e7a2b5b063417c4ab8d67d0ff1d0fe	1859	0020-list-objects-with-delimiter.sql
bd43581606938bc25b631a62b210004a2550510c5191c870bff6f4581d039837	3254	0039-add-search-v2-sort-support.sql
c87aa8ea3c6509171728880538cc26e7233896a8f927af3bc5b351a1706610e3	54	0007-add-rls-to-buckets.sql
c895bce18e7900b793a61a8bac57e02d18a51ac3683ddcf6e169919164025c8f	418	0018-add_owner_id_column_deprecate_owner.sql
ce7f8b2e360f49df2a0f7d8ed0fd4bc63c6907f2890e84cfc377d9050118fb06	367	0005-add-size-functions.sql
d7ac7494c872ebecb7fa23f28519e4d39f12a078589bea279baec3c1b5b2625e	2051	0023-optimize-search-function.sql
d83ecba3d488b0526004cf5c154804bc58187f7708ff35e54d7fb41f8a3acba6	895	0009-fix-search-function.sql
d8f5094ea9696065da7764479ff5cee29a8575404a05f31342495f98d1685319	3921	0021-s3-multipart-uploads.sql
db57ad79bd7ecf1ea6a8099b38bf376886d6b2181ba65b9e9c0556ed245dea8b	1019	0003-pathtoken-column.sql
e0c697bd27b5362d0cca5140b195253f1e683aa1975f67261d43988fc2b89b44	1896	0045-vector-buckets.sql
e67cbc799bbdbcebd33a60e90e684ac43032db032b9bb34f25438577b259b0ac	2129	00010-search-files-search-function.sql
f008c76233f71489a69bae9051e36620faf97388cd92ac8865d9f8e850ce5536	197	0032-backward-compatible-index-on-objects.sql
f9fa438c60b017154e05aec50b495b53f2edc42f930cfbd19ac9d20808750760	414	0043-fix-object-level.sql
