1	0001-initialmigration.sql
2	0002-storage-schema.sql
3	0003-pathtoken-column.sql
4	0004-add-migrations-rls.sql
5	0005-add-size-functions.sql
6	0006-change-column-name-in-get-size.sql
7	0007-add-rls-to-buckets.sql
8	0008-add-public-to-buckets.sql
9	0009-fix-search-function.sql
10	00010-search-files-search-function.sql
11	0011-add-trigger-to-auto-update-updated_at-column.sql
12	0012-add-automatic-avif-detection-flag.sql
13	0013-add-bucket-custom-limits.sql
14	0014-use-bytes-for-max-size.sql
15	0015-add-can-insert-object-function.sql
16	0016-add-version.sql
17	0017-drop-owner-foreign-key.sql
18	0018-add_owner_id_column_deprecate_owner.sql
19	0019-alter-default-value-objects-id.sql
20	0020-list-objects-with-delimiter.sql
21	0021-s3-multipart-uploads.sql
22	0022-s3-multipart-uploads-big-ints.sql
23	0023-optimize-search-function.sql
24	0024-operation-function.sql
25	0025-custom-metadata.sql
26	0026-objects-prefixes.sql
27	0027-search-v2.sql
28	0028-object-bucket-name-sorting.sql
29	0029-create-prefixes.sql
30	0030-update-object-levels.sql
31	0031-objects-level-index.sql
32	0032-backward-compatible-index-on-objects.sql
33	0033-backward-compatible-index-on-prefixes.sql
34	0034-optimize-search-function-v1.sql
35	0035-add-insert-trigger-prefixes.sql
36	0036-optimise-existing-functions.sql
37	0037-add-bucket-name-length-trigger.sql
38	0038-iceberg-catalog-flag-on-buckets.sql
39	0039-add-search-v2-sort-support.sql
40	0040-fix-prefix-race-conditions-optimized.sql
41	0041-add-object-level-update-trigger.sql
42	0042-rollback-prefix-triggers.sql
43	0043-fix-object-level.sql
44	0044-vector-bucket-type.sql
45	0045-vector-buckets.sql
46	0046-buckets-objects-grants.sql
47	0047-iceberg-table-metadata.sql
48	0048-iceberg-catalog-ids.sql
49	0049-buckets-objects-grants-postgres.sql
