030486cbfbd1b3cc95f029eb45d33270c22706fe33249a04240dccffc656ce2e	583	20251007112900_add_session_refresh_token_columns.up.sql
058ab23f8e55fd3ebd353f5367b9308ce88a95d0fe604b754337941095c5f3ce	2524	20221003041349_add_mfa_schema.up.sql
0a2cdcd4101a418ec7b482800327fc90238b498db01a657dbbeefdba8b8f3866	1256	20221215195500_modify_users_email_unique_index.up.sql
0d1df54678aadbd03777c82e3d9e4a917717d806e884a6c69f3c0206c1963017	391	20250925093508_add_last_webauthn_challenge_data.up.sql
0e2cbe2fc509b97f27803c04e723215c3944a7f84c043dd8f7cd7118c199a5dc	163	20220614074223_add_ip_address_to_audit_log.postgres.up.sql
0e5aa195cf80e377cdca00b4e01e2c82769c03dc9ffb487dce8891944bc014dd	134	20240802193726_add_mfa_factors_column_last_challenged_at.up.sql
0fbc4d8b62329aa444ea5820eef86e32a57a709964a2c65bc0463083b7130b02	161	20211122151130_create_user_id_idx.up.sql
144a735e50373686e04d0cd3d46b997262162dda14965870342f65cd0b5a7845	148	20230116124412_add_deleted_at.up.sql
1e7c07b825b2ee8bdfe8fee06588525b97f3771efc6c365c7057c0f7abfbd30a	120	20221027105023_add_identities_user_id_idx.up.sql
282677b538df87612bef2780d25b08508980648e3e33e6a90f8602d35d4e96bf	130	20240314092811_add_saml_name_id_format.up.sql
32499502e5d57594d2373e6f00d7b436a9b275c85b889680913f00d6ebc3ae73	212	20210722035447_adds_confirmed_at.up.sql
32ab5cd482674c98fd5926e7c0995fc216d2cc2b1ff77554b6c45b4bd758dd6f	728	20221011041400_add_mfa_indexes.up.sql
33651d28b6ea6aa1cd84b5d50cdf8181cfb9fb314b76670554bef58dbf69c168	1446	20250731150234_add_oauth_clients_table.up.sql
3c4b49f787b54d4e09b48b4500226b59edc73e3f60826538e9e3552db9542faf	567	20250904133000_add_oauth_client_id_to_session.up.sql
3ddff50750549b790eecbeac2194966ca98354564f4fba537cda70d96b575d39	943	20221215195800_add_identities_email_column.up.sql
41b86596488620d17e513354fa9ffda041214d9014dc34e46f68d42019d1c2ee	910	20240806073726_drop_uniqueness_constraint_on_phone.up.sql
4339a09e7c90d7a46d2527097bc47c382300d72faaec901a8792319bd9a28f10	3148	20240612123726_enable_rls_update_grants.up.sql
462f871362dcffdd87d70bf79941f779e7137afce4039cf7b8bfe60d74e14e34	358	20221208132122_backfill_email_last_sign_in_at.up.sql
4b3b6073f80799f41370cbba6706a1ea8770803746f7662ee0f82e72740af4bb	317	20250717082212_add_disabled_to_sso_providers.up.sql
4c2d6a94d34d34f98f1fa83537a0068f4813e49a19cfc2fd4e9199e5a941cc84	623	20210909172000_create_identities_table.up.sql
4c3ab2565f2836d8fa0a54fd9d153facaee0c4c6258fa0a794c93446ddc10f71	3771	00_init_auth_schema.up.sql
4efc5df9a393ce28ef639f1523a1dbc018066daddca7fb58d2bf02214e532bd0	345	20241009103726_add_web_authn.up.sql
4f9ce72459f72a601c4901eed0d4f5b9e9731c31f8d643736a118739c29538ee	1420	20220429102000_add_unique_idx.up.sql
55445d9e1f10d46e6edaf4718fca5be01d031e038a4a141c2eedb591f5936af7	905	20230322519590_add_flow_state_table.up.sql
5b72022d73e64a8e474d2122ac42f299bb7ce4d59755cdcc78e72abfe5d47dc0	895	20220224000811_update_auth_functions.up.sql
5e804d7c82e0e6dca6f72e2350951e87714f6890fe63c2388dcbfa9aea687f2f	111	20221114143410_remove_parent_foreign_key_refresh_tokens.up.sql
5fb66f473dd37e7141c5165254a6706cae3d2cab3632b92fb0f8f7cb58f7655d	272	20220323170000_add_user_reauthentication.up.sql
60cfea2750a2c79c0d69bb3a08edee0efb830c12212cac0ffdb5d44937c2839d	683	20221125140132_backfill_email_identity.up.sql
63887b7bd3045561c4930575d4fa324fc9090630193989a9736dd84328d1ec55	139	20221021073300_add_refresh_tokens_session_id_revoked_index.up.sql
64b4730434c00864a069404a636bc2281c3920fab451517b138e6f6f056d986f	4279	20250804100000_add_oauth_authorizations_consents.up.sql
73fb1d320fb85e231e322d0da6184adcda838c755a2b3f1e0894c249a59ba4e3	1096	20210927181326_add_refresh_token_parent.up.sql
7b33e11e8092ea07d2f4e899558b46e0a5573f0c43a56532f1f640c2c7eb7802	105	20221020193600_add_sessions_user_id_index.up.sql
7bf30a94308028f0c8140166e9a6f3d77356daa1147e5740a27cc983e39b854c	304	20221114143122_add_session_not_after_column.up.sql
7d6fd7f428bd6633ab622ff1d933feb9bbe0904224eced052aae82fac2ef36a5	579	20230116124310_alter_phone_type.up.sql
830c36f9e0fd02a278e361be02fb1121ff472f3f3514f108b55ff3bc52ed122d	341	20251104100000_add_nonce_to_oauth_authorizations.up.sql
840c19639d972143bc3fc05a16e77da45c076edcba229c94b019a2db1f0eb192	1109	20220811173540_add_sessions_table.up.sql
844c575a40f9609987638bb29716deaaad3b9c1c1e8c399204d870018f867684	109	20230914180801_add_mfa_factors_user_id_idx.up.sql
84b1ffdb6aa23753405142efc9d802fe41121f4883cd6427382d789a694d3512	1617	20240427152123_add_one_time_tokens_table.up.sql
8822b2807b672d38b212618193efdb6fc2cf787e564a495940c1a8844155d7b0	1002	20231117164230_add_id_pkey_identities.up.sql
88da41a1dbae8077a26a4811c4d80b925162e5423c803467d3bff78407b4d995	666	20210730183235_add_email_change_confirmed.up.sql
89d4747491836d2bc33cc340029624d88ed9cf7e32574c3a9fbbe2431a27b5c8	566	20230508135423_add_cleanup_indexes.up.sql
89eb7cb7f44efcbf48ed854faca0347dea80cebff1693a8dc532d581729de0cd	241	20220114185221_update_user_idx.up.sql
8aea70090fdeeafc4bbf206a799551e3f7bce0e6749d8c7cc8033e983e750e38	136	20220114185340_add_banned_until.up.sql
8f10e836a25f85ccdac620c36f871effc84e7d6020bd38fd002ddd119847fd84	399	20230402418590_add_authentication_method_to_flow_state_table.up.sql
91d2d5e47f19e65a63ec411f6cbb18755ec1792cb4249694dc261ef59cc78a10	644	20220531120530_add_auth_jwt_function.up.sql
9e104ca8b63695f6427ff057b5b7801ef7e4cc3baf32d4289e61b0015128d651	317	20240115144230_remove_ip_address_from_saml_relay_state.up.sql
a70a3afa97c67fbb31aacbea496da0d01b9a809dc4b861f3187cb7e3ba5fda2d	311	20211202183645_update_auth_uid.up.sql
abf8d29849e04db2b6a84ea9c8c58daafdabdd3e3520051efb9ec362f4679992	823	20211124214934_update_auth_functions.up.sql
af0bbfdb64dd32f512712f45b44e0dce4e9af8ce7874e01c3a804f95eeb3a387	4474	20221021082433_add_saml.up.sql
af534c2184d12d00bef8fbd8b593f5a4c8b3297854bd205fb4e3bcdba9d6ca56	172	20230523124323_add_mfa_challenge_cleanup_index.up.sql
b273758317267b6b4d126489ba93550c8d0e0584e52c08b3cc101de6fe1b857c	498	20240729123726_add_mfa_phone_config.up.sql
b87f889d4839b7e092f186ad244f3f5294ab5c0f50ef2feb40cab1307be8c9cd	772	20210710035447_alter_users.up.sql
bf1f44b3cb07768436f31c74baabfd2f39c738609aff8b21cfa5a432abcc8a99	138	20240306115329_add_issued_at_to_flow_state.up.sql
c0d1ef106dfc6b6aaf7d2ef3a7f0f723fb5b416d3e7ca5c2bc2f69e998ec8547	619	20251201000000_add_oauth_client_states_table.up.sql
cc1b7b8a172693abafa64d0273240fa8181fdf5dde565e15b94adb38ec40c2e9	79	20230411005111_remove_duplicate_idx.up.sql
cc6587385b84deba61c31e0749eb8064f9cdf5aa6db5239713fa31966de4f2dd	198	20230818113222_add_flow_state_to_relay_state.up.sql
cea7d73fd31f39a0134ee4aaa16e5ff4af953cbc3f5e3321af38776bcda4943f	230	20221003041400_add_aal_and_factor_id_to_sessions.up.sql
d4aa51107599c755003464121d4c0d99e617543bfee9a816fd76df0b399aafe0	213	20231027141322_add_session_refresh_columns.up.sql
e32711d98cd7c3f5920ca2a79df9c597433dac1b7e8b56df7b0becb96319d147	101	20231114161723_add_sessions_tag.up.sql
e36f403a8aad16ccbcc44e1d4198cf21451a906b45ceaedb74bfcd28e79caf21	273	20240214120130_add_is_anonymous_column.up.sql
e986446884eb9b5b0f26dd667385a31da8291f8748a543669cd960c405835d1b	702	20250901200500_add_oauth_client_type.up.sql
ed17a54ec423ca409b384e26805ec7e10b346a22573f5729f9580126b9715271	509	20251111201300_add_scopes_to_sessions.up.sql
f79ad2aaaa4f748836595a9ef10b3df0234e53032c339f0c74e3181271af1801	141	20221215195900_remove_sso_sessions.up.sql
f88443609f6d15d3d1bff00e69a6c7a455fa331cb30747c8448d5e219729a2df	622	20230131181311_backfill_invite_identities.up.sql
fb2df11538de2c165560c3b6bdae3d4da543a3ac136f8a0e6dc4fbd56d223c30	549	20250903112500_remove_oauth_client_id_column.up.sql
